client,benchmark,iteration,value_ns,success,error,param_size,param_messages,param_concurrency
simple,publish_latency,0,1303000,True,,256B,,
simple,publish_latency,1,1564900,True,,256B,,
simple,publish_latency,2,1233000,True,,256B,,
simple,publish_latency,3,1151600,True,,256B,,
simple,publish_latency,4,1107700,True,,256B,,
simple,publish_latency,5,1115200,True,,256B,,
simple,publish_latency,6,1328500,True,,256B,,
simple,publish_latency,7,1459100,True,,256B,,
simple,publish_latency,8,1126300,True,,256B,,
simple,publish_latency,9,1251600,True,,256B,,
simple,publish_latency,10,1234500,True,,256B,,
simple,publish_latency,11,1123300,True,,256B,,
simple,publish_latency,12,1131700,True,,256B,,
simple,publish_latency,13,1196100,True,,256B,,
simple,publish_latency,14,1478500,True,,256B,,
simple,publish_latency,15,1252500,True,,256B,,
simple,publish_latency,16,1192000,True,,256B,,
simple,publish_latency,17,1193400,True,,256B,,
simple,publish_latency,18,1129000,True,,256B,,
simple,publish_latency,19,1365100,True,,256B,,
simple,publish_latency,20,1120800,True,,256B,,
simple,publish_latency,21,1121800,True,,256B,,
simple,publish_latency,22,1442200,True,,256B,,
simple,publish_latency,23,1120600,True,,256B,,
simple,publish_latency,24,1151700,True,,256B,,
simple,publish_latency,25,1176100,True,,256B,,
simple,publish_latency,26,1114300,True,,256B,,
simple,publish_latency,27,1171100,True,,256B,,
simple,publish_latency,28,1249000,True,,256B,,
simple,publish_latency,29,1199200,True,,256B,,
simple,publish_latency,30,1107400,True,,256B,,
simple,publish_latency,31,1127000,True,,256B,,
simple,publish_latency,32,1370600,True,,256B,,
simple,publish_latency,33,1502500,True,,256B,,
simple,publish_latency,34,1146700,True,,256B,,
simple,publish_latency,35,1106800,True,,256B,,
simple,publish_latency,36,1138500,True,,256B,,
simple,publish_latency,37,1168700,True,,256B,,
simple,publish_latency,38,1156300,True,,256B,,
simple,publish_latency,39,1123400,True,,256B,,
simple,publish_latency,40,1110000,True,,256B,,
simple,publish_latency,41,1168400,True,,256B,,
simple,publish_latency,42,1147200,True,,256B,,
simple,publish_latency,43,1110000,True,,256B,,
simple,publish_latency,44,1111800,True,,256B,,
simple,publish_latency,45,1166600,True,,256B,,
simple,publish_latency,46,1137900,True,,256B,,
simple,publish_latency,47,1102700,True,,256B,,
simple,publish_latency,48,1154300,True,,256B,,
simple,publish_latency,49,1110000,True,,256B,,
simple,publish_latency,0,1149400,True,,1KB,,
simple,publish_latency,1,1182900,True,,1KB,,
simple,publish_latency,2,1112900,True,,1KB,,
simple,publish_latency,3,1192800,True,,1KB,,
simple,publish_latency,4,1141300,True,,1KB,,
simple,publish_latency,5,1111000,True,,1KB,,
simple,publish_latency,6,1086700,True,,1KB,,
simple,publish_latency,7,1135100,True,,1KB,,
simple,publish_latency,8,1099900,True,,1KB,,
simple,publish_latency,9,1102600,True,,1KB,,
simple,publish_latency,10,1090300,True,,1KB,,
simple,publish_latency,11,1174900,True,,1KB,,
simple,publish_latency,12,1156200,True,,1KB,,
simple,publish_latency,13,1098200,True,,1KB,,
simple,publish_latency,14,1285700,True,,1KB,,
simple,publish_latency,15,1072300,True,,1KB,,
simple,publish_latency,16,1108200,True,,1KB,,
simple,publish_latency,17,1197200,True,,1KB,,
simple,publish_latency,18,1077900,True,,1KB,,
simple,publish_latency,19,1068500,True,,1KB,,
simple,publish_latency,20,1065600,True,,1KB,,
simple,publish_latency,21,1102400,True,,1KB,,
simple,publish_latency,22,1107800,True,,1KB,,
simple,publish_latency,23,1108400,True,,1KB,,
simple,publish_latency,24,1107100,True,,1KB,,
simple,publish_latency,25,1113100,True,,1KB,,
simple,publish_latency,26,1089300,True,,1KB,,
simple,publish_latency,27,1089000,True,,1KB,,
simple,publish_latency,28,1090900,True,,1KB,,
simple,publish_latency,29,1060800,True,,1KB,,
simple,publish_latency,30,1050700,True,,1KB,,
simple,publish_latency,31,1695700,True,,1KB,,
simple,publish_latency,32,1229600,True,,1KB,,
simple,publish_latency,33,1128200,True,,1KB,,
simple,publish_latency,34,1136100,True,,1KB,,
simple,publish_latency,35,1128500,True,,1KB,,
simple,publish_latency,36,1093000,True,,1KB,,
simple,publish_latency,37,1113500,True,,1KB,,
simple,publish_latency,38,1108100,True,,1KB,,
simple,publish_latency,39,1135200,True,,1KB,,
simple,publish_latency,40,1078200,True,,1KB,,
simple,publish_latency,41,1086400,True,,1KB,,
simple,publish_latency,42,1076300,True,,1KB,,
simple,publish_latency,43,1088000,True,,1KB,,
simple,publish_latency,44,1361300,True,,1KB,,
simple,publish_latency,45,1132900,True,,1KB,,
simple,publish_latency,46,1232400,True,,1KB,,
simple,publish_latency,47,1125800,True,,1KB,,
simple,publish_latency,48,1161600,True,,1KB,,
simple,publish_latency,49,1106600,True,,1KB,,
simple,publish_latency,0,1198200,True,,2KB,,
simple,publish_latency,1,1330600,True,,2KB,,
simple,publish_latency,2,1175000,True,,2KB,,
simple,publish_latency,3,1098500,True,,2KB,,
simple,publish_latency,4,1104300,True,,2KB,,
simple,publish_latency,5,1078900,True,,2KB,,
simple,publish_latency,6,1122800,True,,2KB,,
simple,publish_latency,7,1179100,True,,2KB,,
simple,publish_latency,8,1212600,True,,2KB,,
simple,publish_latency,9,1050600,True,,2KB,,
simple,publish_latency,10,1098400,True,,2KB,,
simple,publish_latency,11,1079000,True,,2KB,,
simple,publish_latency,12,1099700,True,,2KB,,
simple,publish_latency,13,1091300,True,,2KB,,
simple,publish_latency,14,1049400,True,,2KB,,
simple,publish_latency,15,1092700,True,,2KB,,
simple,publish_latency,16,1175400,True,,2KB,,
simple,publish_latency,17,1100300,True,,2KB,,
simple,publish_latency,18,1094600,True,,2KB,,
simple,publish_latency,19,1117000,True,,2KB,,
simple,publish_latency,20,1088800,True,,2KB,,
simple,publish_latency,21,1089100,True,,2KB,,
simple,publish_latency,22,1031900,True,,2KB,,
simple,publish_latency,23,1159500,True,,2KB,,
simple,publish_latency,24,1122300,True,,2KB,,
simple,publish_latency,25,1095600,True,,2KB,,
simple,publish_latency,26,1078400,True,,2KB,,
simple,publish_latency,27,1071900,True,,2KB,,
simple,publish_latency,28,1055600,True,,2KB,,
simple,publish_latency,29,1097400,True,,2KB,,
simple,publish_latency,30,1127600,True,,2KB,,
simple,publish_latency,31,1079400,True,,2KB,,
simple,publish_latency,32,1053700,True,,2KB,,
simple,publish_latency,33,1094500,True,,2KB,,
simple,publish_latency,34,1082400,True,,2KB,,
simple,publish_latency,35,1053500,True,,2KB,,
simple,publish_latency,36,1034900,True,,2KB,,
simple,publish_latency,37,1044600,True,,2KB,,
simple,publish_latency,38,1037700,True,,2KB,,
simple,publish_latency,39,1090500,True,,2KB,,
simple,publish_latency,40,1052100,True,,2KB,,
simple,publish_latency,41,1030000,True,,2KB,,
simple,publish_latency,42,1070300,True,,2KB,,
simple,publish_latency,43,1107300,True,,2KB,,
simple,publish_latency,44,1306400,True,,2KB,,
simple,publish_latency,45,1272500,True,,2KB,,
simple,publish_latency,46,1071700,True,,2KB,,
simple,publish_latency,47,1068600,True,,2KB,,
simple,publish_latency,48,1080800,True,,2KB,,
simple,publish_latency,49,1089000,True,,2KB,,
simple,consume_latency,0,688200,True,,256B,,
simple,consume_latency,1,621500,True,,256B,,
simple,consume_latency,2,623500,True,,256B,,
simple,consume_latency,3,779600,True,,256B,,
simple,consume_latency,4,702400,True,,256B,,
simple,consume_latency,5,631100,True,,256B,,
simple,consume_latency,6,611100,True,,256B,,
simple,consume_latency,7,607500,True,,256B,,
simple,consume_latency,8,598700,True,,256B,,
simple,consume_latency,9,675100,True,,256B,,
simple,consume_latency,10,648600,True,,256B,,
simple,consume_latency,11,679500,True,,256B,,
simple,consume_latency,12,618600,True,,256B,,
simple,consume_latency,13,638000,True,,256B,,
simple,consume_latency,14,784700,True,,256B,,
simple,consume_latency,15,643000,True,,256B,,
simple,consume_latency,16,658000,True,,256B,,
simple,consume_latency,17,686600,True,,256B,,
simple,consume_latency,18,638000,True,,256B,,
simple,consume_latency,19,615100,True,,256B,,
simple,consume_latency,20,664000,True,,256B,,
simple,consume_latency,21,635600,True,,256B,,
simple,consume_latency,22,633300,True,,256B,,
simple,consume_latency,23,633900,True,,256B,,
simple,consume_latency,24,623200,True,,256B,,
simple,consume_latency,25,639100,True,,256B,,
simple,consume_latency,26,635400,True,,256B,,
simple,consume_latency,27,648900,True,,256B,,
simple,consume_latency,28,633500,True,,256B,,
simple,consume_latency,29,630200,True,,256B,,
simple,consume_latency,30,631400,True,,256B,,
simple,consume_latency,31,613200,True,,256B,,
simple,consume_latency,32,851500,True,,256B,,
simple,consume_latency,33,637400,True,,256B,,
simple,consume_latency,34,625600,True,,256B,,
simple,consume_latency,35,606400,True,,256B,,
simple,consume_latency,36,601700,True,,256B,,
simple,consume_latency,37,613900,True,,256B,,
simple,consume_latency,38,614800,True,,256B,,
simple,consume_latency,39,605800,True,,256B,,
simple,consume_latency,40,635800,True,,256B,,
simple,consume_latency,41,728400,True,,256B,,
simple,consume_latency,42,609500,True,,256B,,
simple,consume_latency,43,630200,True,,256B,,
simple,consume_latency,44,633200,True,,256B,,
simple,consume_latency,45,632900,True,,256B,,
simple,consume_latency,46,768100,True,,256B,,
simple,consume_latency,47,695100,True,,256B,,
simple,consume_latency,48,621600,True,,256B,,
simple,consume_latency,49,913800,True,,256B,,
simple,consume_latency,0,624900,True,,1KB,,
simple,consume_latency,1,697400,True,,1KB,,
simple,consume_latency,2,631600,True,,1KB,,
simple,consume_latency,3,601800,True,,1KB,,
simple,consume_latency,4,606400,True,,1KB,,
simple,consume_latency,5,592800,True,,1KB,,
simple,consume_latency,6,616300,True,,1KB,,
simple,consume_latency,7,619500,True,,1KB,,
simple,consume_latency,8,637200,True,,1KB,,
simple,consume_latency,9,621500,True,,1KB,,
simple,consume_latency,10,636700,True,,1KB,,
simple,consume_latency,11,626700,True,,1KB,,
simple,consume_latency,12,621900,True,,1KB,,
simple,consume_latency,13,622700,True,,1KB,,
simple,consume_latency,14,664900,True,,1KB,,
simple,consume_latency,15,640500,True,,1KB,,
simple,consume_latency,16,609100,True,,1KB,,
simple,consume_latency,17,1055900,True,,1KB,,
simple,consume_latency,18,658900,True,,1KB,,
simple,consume_latency,19,681000,True,,1KB,,
simple,consume_latency,20,714600,True,,1KB,,
simple,consume_latency,21,607000,True,,1KB,,
simple,consume_latency,22,617400,True,,1KB,,
simple,consume_latency,23,608600,True,,1KB,,
simple,consume_latency,24,612400,True,,1KB,,
simple,consume_latency,25,871200,True,,1KB,,
simple,consume_latency,26,644200,True,,1KB,,
simple,consume_latency,27,634100,True,,1KB,,
simple,consume_latency,28,616400,True,,1KB,,
simple,consume_latency,29,603600,True,,1KB,,
simple,consume_latency,30,601300,True,,1KB,,
simple,consume_latency,31,614900,True,,1KB,,
simple,consume_latency,32,656100,True,,1KB,,
simple,consume_latency,33,618200,True,,1KB,,
simple,consume_latency,34,608100,True,,1KB,,
simple,consume_latency,35,618600,True,,1KB,,
simple,consume_latency,36,605800,True,,1KB,,
simple,consume_latency,37,679200,True,,1KB,,
simple,consume_latency,38,704300,True,,1KB,,
simple,consume_latency,39,636600,True,,1KB,,
simple,consume_latency,40,633800,True,,1KB,,
simple,consume_latency,41,618300,True,,1KB,,
simple,consume_latency,42,609200,True,,1KB,,
simple,consume_latency,43,626700,True,,1KB,,
simple,consume_latency,44,643200,True,,1KB,,
simple,consume_latency,45,648400,True,,1KB,,
simple,consume_latency,46,628200,True,,1KB,,
simple,consume_latency,47,628300,True,,1KB,,
simple,consume_latency,48,643700,True,,1KB,,
simple,consume_latency,49,1005600,True,,1KB,,
simple,consume_latency,0,616600,True,,2KB,,
simple,consume_latency,1,657900,True,,2KB,,
simple,consume_latency,2,639600,True,,2KB,,
simple,consume_latency,3,606800,True,,2KB,,
simple,consume_latency,4,644300,True,,2KB,,
simple,consume_latency,5,631600,True,,2KB,,
simple,consume_latency,6,634000,True,,2KB,,
simple,consume_latency,7,633200,True,,2KB,,
simple,consume_latency,8,616500,True,,2KB,,
simple,consume_latency,9,609300,True,,2KB,,
simple,consume_latency,10,625900,True,,2KB,,
simple,consume_latency,11,667400,True,,2KB,,
simple,consume_latency,12,623700,True,,2KB,,
simple,consume_latency,13,641300,True,,2KB,,
simple,consume_latency,14,630700,True,,2KB,,
simple,consume_latency,15,646100,True,,2KB,,
simple,consume_latency,16,610200,True,,2KB,,
simple,consume_latency,17,633200,True,,2KB,,
simple,consume_latency,18,635400,True,,2KB,,
simple,consume_latency,19,628500,True,,2KB,,
simple,consume_latency,20,679100,True,,2KB,,
simple,consume_latency,21,639800,True,,2KB,,
simple,consume_latency,22,677700,True,,2KB,,
simple,consume_latency,23,641100,True,,2KB,,
simple,consume_latency,24,655200,True,,2KB,,
simple,consume_latency,25,660000,True,,2KB,,
simple,consume_latency,26,710300,True,,2KB,,
simple,consume_latency,27,627300,True,,2KB,,
simple,consume_latency,28,624600,True,,2KB,,
simple,consume_latency,29,659700,True,,2KB,,
simple,consume_latency,30,632800,True,,2KB,,
simple,consume_latency,31,611400,True,,2KB,,
simple,consume_latency,32,626100,True,,2KB,,
simple,consume_latency,33,621100,True,,2KB,,
simple,consume_latency,34,626600,True,,2KB,,
simple,consume_latency,35,633700,True,,2KB,,
simple,consume_latency,36,660600,True,,2KB,,
simple,consume_latency,37,684000,True,,2KB,,
simple,consume_latency,38,693900,True,,2KB,,
simple,consume_latency,39,722800,True,,2KB,,
simple,consume_latency,40,680200,True,,2KB,,
simple,consume_latency,41,678000,True,,2KB,,
simple,consume_latency,42,974400,True,,2KB,,
simple,consume_latency,43,750300,True,,2KB,,
simple,consume_latency,44,720900,True,,2KB,,
simple,consume_latency,45,928000,True,,2KB,,
simple,consume_latency,46,740300,True,,2KB,,
simple,consume_latency,47,635800,True,,2KB,,
simple,consume_latency,48,674400,True,,2KB,,
simple,consume_latency,49,1305000,True,,2KB,,
simple,publish_throughput,0,39489200,True,,256B,,
simple,publish_throughput,1,28435100,True,,256B,,
simple,publish_throughput,2,28566500,True,,256B,,
simple,publish_throughput,3,31815900,True,,256B,,
simple,publish_throughput,4,77841800,True,,256B,,
simple,publish_throughput,0,39570000,True,,1KB,,
simple,publish_throughput,1,51119800,True,,1KB,,
simple,publish_throughput,2,31248100,True,,1KB,,
simple,publish_throughput,3,28881500,True,,1KB,,
simple,publish_throughput,4,30902800,True,,1KB,,
simple,publish_throughput,0,34985600,True,,2KB,,
simple,publish_throughput,1,29660100,True,,2KB,,
simple,publish_throughput,2,36811300,True,,2KB,,
simple,publish_throughput,3,45010700,True,,2KB,,
simple,publish_throughput,4,54919100,True,,2KB,,
simple,consume_throughput,0,77354800,True,,256B,,
simple,consume_throughput,1,70185200,True,,256B,,
simple,consume_throughput,2,64964100,True,,256B,,
simple,consume_throughput,3,64207700,True,,256B,,
simple,consume_throughput,4,64501700,True,,256B,,
simple,consume_throughput,0,65663400,True,,1KB,,
simple,consume_throughput,1,66866600,True,,1KB,,
simple,consume_throughput,2,70627500,True,,1KB,,
simple,consume_throughput,3,66265300,True,,1KB,,
simple,consume_throughput,4,69420900,True,,1KB,,
simple,consume_throughput,0,67482600,True,,2KB,,
simple,consume_throughput,1,69503100,True,,2KB,,
simple,consume_throughput,2,68955000,True,,2KB,,
simple,consume_throughput,3,68864700,True,,2KB,,
simple,consume_throughput,4,66231300,True,,2KB,,
simple,consume_throughput_get,0,312199000,True,,256B,500.0,
simple,consume_throughput_get,1,314279900,True,,256B,500.0,
simple,consume_throughput_get,2,320928400,True,,256B,500.0,
simple,consume_throughput_get,3,312516600,True,,256B,500.0,
simple,consume_throughput_get,4,314094400,True,,256B,500.0,
simple,consume_throughput_get,0,328148800,True,,1KB,500.0,
simple,consume_throughput_get,1,323936400,True,,1KB,500.0,
simple,consume_throughput_get,2,311421600,True,,1KB,500.0,
simple,consume_throughput_get,3,321328400,True,,1KB,500.0,
simple,consume_throughput_get,4,331794800,True,,1KB,500.0,
simple,consume_throughput_get,0,345538900,True,,2KB,500.0,
simple,consume_throughput_get,1,345163800,True,,2KB,500.0,
simple,consume_throughput_get,2,349369200,True,,2KB,500.0,
simple,consume_throughput_get,3,322824600,True,,2KB,500.0,
simple,consume_throughput_get,4,328931200,True,,2KB,500.0,
simple,round_trip,0,1979600,True,,256B,,
simple,round_trip,1,1921000,True,,256B,,
simple,round_trip,2,1852000,True,,256B,,
simple,round_trip,3,2283900,True,,256B,,
simple,round_trip,4,1951200,True,,256B,,
simple,round_trip,5,1905700,True,,256B,,
simple,round_trip,6,1931800,True,,256B,,
simple,round_trip,7,2027100,True,,256B,,
simple,round_trip,8,1945000,True,,256B,,
simple,round_trip,9,1889100,True,,256B,,
simple,round_trip,10,1987300,True,,256B,,
simple,round_trip,11,1903100,True,,256B,,
simple,round_trip,12,1880200,True,,256B,,
simple,round_trip,13,1920900,True,,256B,,
simple,round_trip,14,2094700,True,,256B,,
simple,round_trip,15,1845700,True,,256B,,
simple,round_trip,16,1879800,True,,256B,,
simple,round_trip,17,1902700,True,,256B,,
simple,round_trip,18,1877100,True,,256B,,
simple,round_trip,19,1818100,True,,256B,,
simple,round_trip,20,1819200,True,,256B,,
simple,round_trip,21,2035100,True,,256B,,
simple,round_trip,22,1834200,True,,256B,,
simple,round_trip,23,1860700,True,,256B,,
simple,round_trip,24,1894000,True,,256B,,
simple,round_trip,25,2009600,True,,256B,,
simple,round_trip,26,1889800,True,,256B,,
simple,round_trip,27,1840900,True,,256B,,
simple,round_trip,28,1951100,True,,256B,,
simple,round_trip,29,1906400,True,,256B,,
simple,round_trip,30,1975600,True,,256B,,
simple,round_trip,31,1860300,True,,256B,,
simple,round_trip,32,1924600,True,,256B,,
simple,round_trip,33,1925500,True,,256B,,
simple,round_trip,34,1851900,True,,256B,,
simple,round_trip,35,1865800,True,,256B,,
simple,round_trip,36,1912900,True,,256B,,
simple,round_trip,37,1912700,True,,256B,,
simple,round_trip,38,1891300,True,,256B,,
simple,round_trip,39,2110900,True,,256B,,
simple,round_trip,40,1875300,True,,256B,,
simple,round_trip,41,1962400,True,,256B,,
simple,round_trip,42,1822500,True,,256B,,
simple,round_trip,43,1952600,True,,256B,,
simple,round_trip,44,1814600,True,,256B,,
simple,round_trip,45,1919400,True,,256B,,
simple,round_trip,46,1896100,True,,256B,,
simple,round_trip,47,2204000,True,,256B,,
simple,round_trip,48,1814000,True,,256B,,
simple,round_trip,49,2353900,True,,256B,,
simple,round_trip,0,1851600,True,,1KB,,
simple,round_trip,1,1983800,True,,1KB,,
simple,round_trip,2,1862600,True,,1KB,,
simple,round_trip,3,1891400,True,,1KB,,
simple,round_trip,4,1948400,True,,1KB,,
simple,round_trip,5,1964800,True,,1KB,,
simple,round_trip,6,1872300,True,,1KB,,
simple,round_trip,7,2001100,True,,1KB,,
simple,round_trip,8,1854300,True,,1KB,,
simple,round_trip,9,1858600,True,,1KB,,
simple,round_trip,10,1908900,True,,1KB,,
simple,round_trip,11,1862900,True,,1KB,,
simple,round_trip,12,2006300,True,,1KB,,
simple,round_trip,13,1894400,True,,1KB,,
simple,round_trip,14,1852000,True,,1KB,,
simple,round_trip,15,1822500,True,,1KB,,
simple,round_trip,16,1886000,True,,1KB,,
simple,round_trip,17,1852900,True,,1KB,,
simple,round_trip,18,2131000,True,,1KB,,
simple,round_trip,19,1885500,True,,1KB,,
simple,round_trip,20,2025800,True,,1KB,,
simple,round_trip,21,1987400,True,,1KB,,
simple,round_trip,22,1798600,True,,1KB,,
simple,round_trip,23,1953700,True,,1KB,,
simple,round_trip,24,1817500,True,,1KB,,
simple,round_trip,25,1858800,True,,1KB,,
simple,round_trip,26,1855400,True,,1KB,,
simple,round_trip,27,1844700,True,,1KB,,
simple,round_trip,28,1815500,True,,1KB,,
simple,round_trip,29,2050700,True,,1KB,,
simple,round_trip,30,2085800,True,,1KB,,
simple,round_trip,31,2084400,True,,1KB,,
simple,round_trip,32,1818500,True,,1KB,,
simple,round_trip,33,1826400,True,,1KB,,
simple,round_trip,34,1912500,True,,1KB,,
simple,round_trip,35,1983300,True,,1KB,,
simple,round_trip,36,2164000,True,,1KB,,
simple,round_trip,37,2140100,True,,1KB,,
simple,round_trip,38,1893600,True,,1KB,,
simple,round_trip,39,1916800,True,,1KB,,
simple,round_trip,40,2022200,True,,1KB,,
simple,round_trip,41,1895300,True,,1KB,,
simple,round_trip,42,1853200,True,,1KB,,
simple,round_trip,43,1908300,True,,1KB,,
simple,round_trip,44,1882600,True,,1KB,,
simple,round_trip,45,1878400,True,,1KB,,
simple,round_trip,46,1894500,True,,1KB,,
simple,round_trip,47,1882600,True,,1KB,,
simple,round_trip,48,1956800,True,,1KB,,
simple,round_trip,49,2043300,True,,1KB,,
simple,round_trip,0,1960200,True,,2KB,,
simple,round_trip,1,1883000,True,,2KB,,
simple,round_trip,2,1885400,True,,2KB,,
simple,round_trip,3,1836400,True,,2KB,,
simple,round_trip,4,1883500,True,,2KB,,
simple,round_trip,5,1871600,True,,2KB,,
simple,round_trip,6,1919700,True,,2KB,,
simple,round_trip,7,1965200,True,,2KB,,
simple,round_trip,8,2063800,True,,2KB,,
simple,round_trip,9,1879700,True,,2KB,,
simple,round_trip,10,1887000,True,,2KB,,
simple,round_trip,11,2017600,True,,2KB,,
simple,round_trip,12,1875300,True,,2KB,,
simple,round_trip,13,1865600,True,,2KB,,
simple,round_trip,14,1829100,True,,2KB,,
simple,round_trip,15,1880100,True,,2KB,,
simple,round_trip,16,1940900,True,,2KB,,
simple,round_trip,17,1960800,True,,2KB,,
simple,round_trip,18,1845000,True,,2KB,,
simple,round_trip,19,1851800,True,,2KB,,
simple,round_trip,20,1844600,True,,2KB,,
simple,round_trip,21,1972700,True,,2KB,,
simple,round_trip,22,1871800,True,,2KB,,
simple,round_trip,23,1976400,True,,2KB,,
simple,round_trip,24,1865600,True,,2KB,,
simple,round_trip,25,2003700,True,,2KB,,
simple,round_trip,26,1887700,True,,2KB,,
simple,round_trip,27,2009400,True,,2KB,,
simple,round_trip,28,1971500,True,,2KB,,
simple,round_trip,29,2088500,True,,2KB,,
simple,round_trip,30,1845900,True,,2KB,,
simple,round_trip,31,1924200,True,,2KB,,
simple,round_trip,32,1847200,True,,2KB,,
simple,round_trip,33,2319900,True,,2KB,,
simple,round_trip,34,1870800,True,,2KB,,
simple,round_trip,35,1875200,True,,2KB,,
simple,round_trip,36,1908800,True,,2KB,,
simple,round_trip,37,1941700,True,,2KB,,
simple,round_trip,38,1907800,True,,2KB,,
simple,round_trip,39,1953200,True,,2KB,,
simple,round_trip,40,1907900,True,,2KB,,
simple,round_trip,41,1972400,True,,2KB,,
simple,round_trip,42,1912100,True,,2KB,,
simple,round_trip,43,1775000,True,,2KB,,
simple,round_trip,44,1826900,True,,2KB,,
simple,round_trip,45,1806600,True,,2KB,,
simple,round_trip,46,1927900,True,,2KB,,
simple,round_trip,47,1895900,True,,2KB,,
simple,round_trip,48,1852000,True,,2KB,,
simple,round_trip,49,2005700,True,,2KB,,
simple,concurrent_publish,0,28290000,True,,1KB,,1.0
simple,concurrent_publish,1,27497300,True,,1KB,,1.0
simple,concurrent_publish,2,29750100,True,,1KB,,1.0
simple,concurrent_publish,3,32796800,True,,1KB,,1.0
simple,concurrent_publish,4,39393500,True,,1KB,,1.0
simple,concurrent_publish,0,62450200,True,,1KB,,2.0
simple,concurrent_publish,1,43931800,True,,1KB,,2.0
simple,concurrent_publish,2,36880200,True,,1KB,,2.0
simple,concurrent_publish,3,40982500,True,,1KB,,2.0
simple,concurrent_publish,4,38586800,True,,1KB,,2.0
simple,concurrent_publish,0,47095500,True,,1KB,,4.0
simple,concurrent_publish,1,44273900,True,,1KB,,4.0
simple,concurrent_publish,2,51695500,True,,1KB,,4.0
simple,concurrent_publish,3,45606200,True,,1KB,,4.0
simple,concurrent_publish,4,51098000,True,,1KB,,4.0
simple,concurrent_publish,0,53413800,True,,1KB,,8.0
simple,concurrent_publish,1,51403600,True,,1KB,,8.0
simple,concurrent_publish,2,49513800,True,,1KB,,8.0
simple,concurrent_publish,3,50171900,True,,1KB,,8.0
simple,concurrent_publish,4,50910100,True,,1KB,,8.0
simple,concurrent_publish,0,46824800,True,,1KB,,16.0
simple,concurrent_publish,1,46875300,True,,1KB,,16.0
simple,concurrent_publish,2,44354500,True,,1KB,,16.0
simple,concurrent_publish,3,45512500,True,,1KB,,16.0
simple,concurrent_publish,4,47479500,True,,1KB,,16.0
simple,concurrent_publish,0,43695900,True,,1KB,,32.0
simple,concurrent_publish,1,45248800,True,,1KB,,32.0
simple,concurrent_publish,2,43658800,True,,1KB,,32.0
simple,concurrent_publish,3,43474000,True,,1KB,,32.0
simple,concurrent_publish,4,42406000,True,,1KB,,32.0
simple,concurrent_publish,0,44889300,True,,1KB,,64.0
simple,concurrent_publish,1,48255700,True,,1KB,,64.0
simple,concurrent_publish,2,40020800,True,,1KB,,64.0
simple,concurrent_publish,3,40537300,True,,1KB,,64.0
simple,concurrent_publish,4,42162700,True,,1KB,,64.0
simple,concurrent_consume,0,64050100,True,,1KB,,1.0
simple,concurrent_consume,1,68576100,True,,1KB,,1.0
simple,concurrent_consume,2,66439200,True,,1KB,,1.0
simple,concurrent_consume,3,65077100,True,,1KB,,1.0
simple,concurrent_consume,4,70542600,True,,1KB,,1.0
simple,concurrent_consume,0,145576800,True,,1KB,,2.0
simple,concurrent_consume,1,143365900,True,,1KB,,2.0
simple,concurrent_consume,2,55760000,True,,1KB,,2.0
simple,concurrent_consume,3,143072500,True,,1KB,,2.0
simple,concurrent_consume,4,144525800,True,,1KB,,2.0
simple,concurrent_consume,0,187783100,True,,1KB,,4.0
simple,concurrent_consume,1,181995900,True,,1KB,,4.0
simple,concurrent_consume,2,136650200,True,,1KB,,4.0
simple,concurrent_consume,3,181370000,True,,1KB,,4.0
simple,concurrent_consume,4,182439100,True,,1KB,,4.0
simple,concurrent_consume,0,145141900,True,,1KB,,8.0
simple,concurrent_consume,1,146882300,True,,1KB,,8.0
simple,concurrent_consume,2,144619300,True,,1KB,,8.0
simple,concurrent_consume,3,147840000,True,,1KB,,8.0
simple,concurrent_consume,4,148013000,True,,1KB,,8.0
simple,concurrent_consume,0,107402700,True,,1KB,,16.0
simple,concurrent_consume,1,106060300,True,,1KB,,16.0
simple,concurrent_consume,2,158277200,True,,1KB,,16.0
simple,concurrent_consume,3,107222500,True,,1KB,,16.0
simple,concurrent_consume,4,147996700,True,,1KB,,16.0
simple,concurrent_consume,0,155809700,True,,1KB,,32.0
simple,concurrent_consume,1,162567800,True,,1KB,,32.0
simple,concurrent_consume,2,168176000,True,,1KB,,32.0
simple,concurrent_consume,3,115087500,True,,1KB,,32.0
simple,concurrent_consume,4,165052300,True,,1KB,,32.0
simple,concurrent_consume,0,175362800,True,,1KB,,64.0
simple,concurrent_consume,1,134230900,True,,1KB,,64.0
simple,concurrent_consume,2,134052600,True,,1KB,,64.0
simple,concurrent_consume,3,122893900,True,,1KB,,64.0
simple,concurrent_consume,4,126371700,True,,1KB,,64.0
hybrid,publish_latency,0,696700,True,,256B,,
hybrid,publish_latency,1,968700,True,,256B,,
hybrid,publish_latency,2,574700,True,,256B,,
hybrid,publish_latency,3,578600,True,,256B,,
hybrid,publish_latency,4,769900,True,,256B,,
hybrid,publish_latency,5,614900,True,,256B,,
hybrid,publish_latency,6,600600,True,,256B,,
hybrid,publish_latency,7,637700,True,,256B,,
hybrid,publish_latency,8,591100,True,,256B,,
hybrid,publish_latency,9,595400,True,,256B,,
hybrid,publish_latency,10,574700,True,,256B,,
hybrid,publish_latency,11,754800,True,,256B,,
hybrid,publish_latency,12,590200,True,,256B,,
hybrid,publish_latency,13,596900,True,,256B,,
hybrid,publish_latency,14,570600,True,,256B,,
hybrid,publish_latency,15,562700,True,,256B,,
hybrid,publish_latency,16,579500,True,,256B,,
hybrid,publish_latency,17,594500,True,,256B,,
hybrid,publish_latency,18,622100,True,,256B,,
hybrid,publish_latency,19,561500,True,,256B,,
hybrid,publish_latency,20,567700,True,,256B,,
hybrid,publish_latency,21,552300,True,,256B,,
hybrid,publish_latency,22,558200,True,,256B,,
hybrid,publish_latency,23,561200,True,,256B,,
hybrid,publish_latency,24,563800,True,,256B,,
hybrid,publish_latency,25,621500,True,,256B,,
hybrid,publish_latency,26,538300,True,,256B,,
hybrid,publish_latency,27,564400,True,,256B,,
hybrid,publish_latency,28,928700,True,,256B,,
hybrid,publish_latency,29,627600,True,,256B,,
hybrid,publish_latency,30,578900,True,,256B,,
hybrid,publish_latency,31,600400,True,,256B,,
hybrid,publish_latency,32,558400,True,,256B,,
hybrid,publish_latency,33,610200,True,,256B,,
hybrid,publish_latency,34,557500,True,,256B,,
hybrid,publish_latency,35,615500,True,,256B,,
hybrid,publish_latency,36,547500,True,,256B,,
hybrid,publish_latency,37,579300,True,,256B,,
hybrid,publish_latency,38,635000,True,,256B,,
hybrid,publish_latency,39,657700,True,,256B,,
hybrid,publish_latency,40,713800,True,,256B,,
hybrid,publish_latency,41,551400,True,,256B,,
hybrid,publish_latency,42,564100,True,,256B,,
hybrid,publish_latency,43,565100,True,,256B,,
hybrid,publish_latency,44,549500,True,,256B,,
hybrid,publish_latency,45,586200,True,,256B,,
hybrid,publish_latency,46,571200,True,,256B,,
hybrid,publish_latency,47,516800,True,,256B,,
hybrid,publish_latency,48,541600,True,,256B,,
hybrid,publish_latency,49,515300,True,,256B,,
hybrid,publish_latency,0,707600,True,,1KB,,
hybrid,publish_latency,1,670900,True,,1KB,,
hybrid,publish_latency,2,605000,True,,1KB,,
hybrid,publish_latency,3,713400,True,,1KB,,
hybrid,publish_latency,4,1018800,True,,1KB,,
hybrid,publish_latency,5,621300,True,,1KB,,
hybrid,publish_latency,6,622700,True,,1KB,,
hybrid,publish_latency,7,590000,True,,1KB,,
hybrid,publish_latency,8,559500,True,,1KB,,
hybrid,publish_latency,9,596200,True,,1KB,,
hybrid,publish_latency,10,591900,True,,1KB,,
hybrid,publish_latency,11,598600,True,,1KB,,
hybrid,publish_latency,12,587600,True,,1KB,,
hybrid,publish_latency,13,583300,True,,1KB,,
hybrid,publish_latency,14,603800,True,,1KB,,
hybrid,publish_latency,15,623600,True,,1KB,,
hybrid,publish_latency,16,585700,True,,1KB,,
hybrid,publish_latency,17,583900,True,,1KB,,
hybrid,publish_latency,18,569000,True,,1KB,,
hybrid,publish_latency,19,584800,True,,1KB,,
hybrid,publish_latency,20,582600,True,,1KB,,
hybrid,publish_latency,21,589500,True,,1KB,,
hybrid,publish_latency,22,588400,True,,1KB,,
hybrid,publish_latency,23,617200,True,,1KB,,
hybrid,publish_latency,24,590500,True,,1KB,,
hybrid,publish_latency,25,626300,True,,1KB,,
hybrid,publish_latency,26,820000,True,,1KB,,
hybrid,publish_latency,27,572700,True,,1KB,,
hybrid,publish_latency,28,594400,True,,1KB,,
hybrid,publish_latency,29,607300,True,,1KB,,
hybrid,publish_latency,30,588600,True,,1KB,,
hybrid,publish_latency,31,595100,True,,1KB,,
hybrid,publish_latency,32,608300,True,,1KB,,
hybrid,publish_latency,33,596600,True,,1KB,,
hybrid,publish_latency,34,588100,True,,1KB,,
hybrid,publish_latency,35,586400,True,,1KB,,
hybrid,publish_latency,36,560700,True,,1KB,,
hybrid,publish_latency,37,716900,True,,1KB,,
hybrid,publish_latency,38,676900,True,,1KB,,
hybrid,publish_latency,39,655900,True,,1KB,,
hybrid,publish_latency,40,591800,True,,1KB,,
hybrid,publish_latency,41,615000,True,,1KB,,
hybrid,publish_latency,42,591500,True,,1KB,,
hybrid,publish_latency,43,621200,True,,1KB,,
hybrid,publish_latency,44,607700,True,,1KB,,
hybrid,publish_latency,45,611300,True,,1KB,,
hybrid,publish_latency,46,637200,True,,1KB,,
hybrid,publish_latency,47,597100,True,,1KB,,
hybrid,publish_latency,48,614000,True,,1KB,,
hybrid,publish_latency,49,632400,True,,1KB,,
hybrid,publish_latency,0,605900,True,,2KB,,
hybrid,publish_latency,1,683600,True,,2KB,,
hybrid,publish_latency,2,626400,True,,2KB,,
hybrid,publish_latency,3,604000,True,,2KB,,
hybrid,publish_latency,4,572900,True,,2KB,,
hybrid,publish_latency,5,603900,True,,2KB,,
hybrid,publish_latency,6,590700,True,,2KB,,
hybrid,publish_latency,7,588200,True,,2KB,,
hybrid,publish_latency,8,582500,True,,2KB,,
hybrid,publish_latency,9,592200,True,,2KB,,
hybrid,publish_latency,10,581800,True,,2KB,,
hybrid,publish_latency,11,568200,True,,2KB,,
hybrid,publish_latency,12,611500,True,,2KB,,
hybrid,publish_latency,13,620800,True,,2KB,,
hybrid,publish_latency,14,643200,True,,2KB,,
hybrid,publish_latency,15,578200,True,,2KB,,
hybrid,publish_latency,16,577000,True,,2KB,,
hybrid,publish_latency,17,679000,True,,2KB,,
hybrid,publish_latency,18,599900,True,,2KB,,
hybrid,publish_latency,19,622100,True,,2KB,,
hybrid,publish_latency,20,624500,True,,2KB,,
hybrid,publish_latency,21,566500,True,,2KB,,
hybrid,publish_latency,22,583900,True,,2KB,,
hybrid,publish_latency,23,678000,True,,2KB,,
hybrid,publish_latency,24,604100,True,,2KB,,
hybrid,publish_latency,25,591500,True,,2KB,,
hybrid,publish_latency,26,605300,True,,2KB,,
hybrid,publish_latency,27,610600,True,,2KB,,
hybrid,publish_latency,28,575300,True,,2KB,,
hybrid,publish_latency,29,581300,True,,2KB,,
hybrid,publish_latency,30,622800,True,,2KB,,
hybrid,publish_latency,31,578200,True,,2KB,,
hybrid,publish_latency,32,594300,True,,2KB,,
hybrid,publish_latency,33,595200,True,,2KB,,
hybrid,publish_latency,34,590600,True,,2KB,,
hybrid,publish_latency,35,864000,True,,2KB,,
hybrid,publish_latency,36,612700,True,,2KB,,
hybrid,publish_latency,37,582300,True,,2KB,,
hybrid,publish_latency,38,605200,True,,2KB,,
hybrid,publish_latency,39,587500,True,,2KB,,
hybrid,publish_latency,40,611000,True,,2KB,,
hybrid,publish_latency,41,598300,True,,2KB,,
hybrid,publish_latency,42,616500,True,,2KB,,
hybrid,publish_latency,43,644800,True,,2KB,,
hybrid,publish_latency,44,604500,True,,2KB,,
hybrid,publish_latency,45,579300,True,,2KB,,
hybrid,publish_latency,46,620100,True,,2KB,,
hybrid,publish_latency,47,630300,True,,2KB,,
hybrid,publish_latency,48,634300,True,,2KB,,
hybrid,publish_latency,49,620100,True,,2KB,,
hybrid,consume_latency,0,722200,True,,256B,,
hybrid,consume_latency,1,643900,True,,256B,,
hybrid,consume_latency,2,631800,True,,256B,,
hybrid,consume_latency,3,665200,True,,256B,,
hybrid,consume_latency,4,613200,True,,256B,,
hybrid,consume_latency,5,628800,True,,256B,,
hybrid,consume_latency,6,683800,True,,256B,,
hybrid,consume_latency,7,597100,True,,256B,,
hybrid,consume_latency,8,645900,True,,256B,,
hybrid,consume_latency,9,644600,True,,256B,,
hybrid,consume_latency,10,634000,True,,256B,,
hybrid,consume_latency,11,715000,True,,256B,,
hybrid,consume_latency,12,656400,True,,256B,,
hybrid,consume_latency,13,651200,True,,256B,,
hybrid,consume_latency,14,664400,True,,256B,,
hybrid,consume_latency,15,606800,True,,256B,,
hybrid,consume_latency,16,692300,True,,256B,,
hybrid,consume_latency,17,631600,True,,256B,,
hybrid,consume_latency,18,670900,True,,256B,,
hybrid,consume_latency,19,688700,True,,256B,,
hybrid,consume_latency,20,651400,True,,256B,,
hybrid,consume_latency,21,778300,True,,256B,,
hybrid,consume_latency,22,659800,True,,256B,,
hybrid,consume_latency,23,641000,True,,256B,,
hybrid,consume_latency,24,663900,True,,256B,,
hybrid,consume_latency,25,630100,True,,256B,,
hybrid,consume_latency,26,597300,True,,256B,,
hybrid,consume_latency,27,599200,True,,256B,,
hybrid,consume_latency,28,606200,True,,256B,,
hybrid,consume_latency,29,664800,True,,256B,,
hybrid,consume_latency,30,588700,True,,256B,,
hybrid,consume_latency,31,607000,True,,256B,,
hybrid,consume_latency,32,666700,True,,256B,,
hybrid,consume_latency,33,730800,True,,256B,,
hybrid,consume_latency,34,614300,True,,256B,,
hybrid,consume_latency,35,715000,True,,256B,,
hybrid,consume_latency,36,593100,True,,256B,,
hybrid,consume_latency,37,623200,True,,256B,,
hybrid,consume_latency,38,632700,True,,256B,,
hybrid,consume_latency,39,703700,True,,256B,,
hybrid,consume_latency,40,621100,True,,256B,,
hybrid,consume_latency,41,636100,True,,256B,,
hybrid,consume_latency,42,809300,True,,256B,,
hybrid,consume_latency,43,682300,True,,256B,,
hybrid,consume_latency,44,717300,True,,256B,,
hybrid,consume_latency,45,674000,True,,256B,,
hybrid,consume_latency,46,619200,True,,256B,,
hybrid,consume_latency,47,638900,True,,256B,,
hybrid,consume_latency,48,642800,True,,256B,,
hybrid,consume_latency,49,829100,True,,256B,,
hybrid,consume_latency,0,632700,True,,1KB,,
hybrid,consume_latency,1,586200,True,,1KB,,
hybrid,consume_latency,2,611300,True,,1KB,,
hybrid,consume_latency,3,635200,True,,1KB,,
hybrid,consume_latency,4,790500,True,,1KB,,
hybrid,consume_latency,5,650700,True,,1KB,,
hybrid,consume_latency,6,610100,True,,1KB,,
hybrid,consume_latency,7,999800,True,,1KB,,
hybrid,consume_latency,8,654300,True,,1KB,,
hybrid,consume_latency,9,601700,True,,1KB,,
hybrid,consume_latency,10,641400,True,,1KB,,
hybrid,consume_latency,11,640400,True,,1KB,,
hybrid,consume_latency,12,595200,True,,1KB,,
hybrid,consume_latency,13,648700,True,,1KB,,
hybrid,consume_latency,14,831100,True,,1KB,,
hybrid,consume_latency,15,616100,True,,1KB,,
hybrid,consume_latency,16,624300,True,,1KB,,
hybrid,consume_latency,17,589800,True,,1KB,,
hybrid,consume_latency,18,623200,True,,1KB,,
hybrid,consume_latency,19,667800,True,,1KB,,
hybrid,consume_latency,20,610100,True,,1KB,,
hybrid,consume_latency,21,648300,True,,1KB,,
hybrid,consume_latency,22,644200,True,,1KB,,
hybrid,consume_latency,23,660700,True,,1KB,,
hybrid,consume_latency,24,616200,True,,1KB,,
hybrid,consume_latency,25,710800,True,,1KB,,
hybrid,consume_latency,26,651400,True,,1KB,,
hybrid,consume_latency,27,603600,True,,1KB,,
hybrid,consume_latency,28,612700,True,,1KB,,
hybrid,consume_latency,29,650200,True,,1KB,,
hybrid,consume_latency,30,687700,True,,1KB,,
hybrid,consume_latency,31,626900,True,,1KB,,
hybrid,consume_latency,32,606300,True,,1KB,,
hybrid,consume_latency,33,647400,True,,1KB,,
hybrid,consume_latency,34,610600,True,,1KB,,
hybrid,consume_latency,35,644200,True,,1KB,,
hybrid,consume_latency,36,698600,True,,1KB,,
hybrid,consume_latency,37,646200,True,,1KB,,
hybrid,consume_latency,38,668000,True,,1KB,,
hybrid,consume_latency,39,629300,True,,1KB,,
hybrid,consume_latency,40,589900,True,,1KB,,
hybrid,consume_latency,41,774300,True,,1KB,,
hybrid,consume_latency,42,591300,True,,1KB,,
hybrid,consume_latency,43,570700,True,,1KB,,
hybrid,consume_latency,44,795800,True,,1KB,,
hybrid,consume_latency,45,921300,True,,1KB,,
hybrid,consume_latency,46,690700,True,,1KB,,
hybrid,consume_latency,47,735300,True,,1KB,,
hybrid,consume_latency,48,616200,True,,1KB,,
hybrid,consume_latency,49,938100,True,,1KB,,
hybrid,consume_latency,0,667500,True,,2KB,,
hybrid,consume_latency,1,648900,True,,2KB,,
hybrid,consume_latency,2,577900,True,,2KB,,
hybrid,consume_latency,3,590100,True,,2KB,,
hybrid,consume_latency,4,600600,True,,2KB,,
hybrid,consume_latency,5,609500,True,,2KB,,
hybrid,consume_latency,6,643900,True,,2KB,,
hybrid,consume_latency,7,614600,True,,2KB,,
hybrid,consume_latency,8,631000,True,,2KB,,
hybrid,consume_latency,9,693100,True,,2KB,,
hybrid,consume_latency,10,610000,True,,2KB,,
hybrid,consume_latency,11,586100,True,,2KB,,
hybrid,consume_latency,12,573600,True,,2KB,,
hybrid,consume_latency,13,619700,True,,2KB,,
hybrid,consume_latency,14,622000,True,,2KB,,
hybrid,consume_latency,15,619400,True,,2KB,,
hybrid,consume_latency,16,592600,True,,2KB,,
hybrid,consume_latency,17,564800,True,,2KB,,
hybrid,consume_latency,18,599600,True,,2KB,,
hybrid,consume_latency,19,646600,True,,2KB,,
hybrid,consume_latency,20,814800,True,,2KB,,
hybrid,consume_latency,21,610600,True,,2KB,,
hybrid,consume_latency,22,617600,True,,2KB,,
hybrid,consume_latency,23,590800,True,,2KB,,
hybrid,consume_latency,24,583200,True,,2KB,,
hybrid,consume_latency,25,581200,True,,2KB,,
hybrid,consume_latency,26,619500,True,,2KB,,
hybrid,consume_latency,27,590100,True,,2KB,,
hybrid,consume_latency,28,652000,True,,2KB,,
hybrid,consume_latency,29,593100,True,,2KB,,
hybrid,consume_latency,30,588600,True,,2KB,,
hybrid,consume_latency,31,691400,True,,2KB,,
hybrid,consume_latency,32,629800,True,,2KB,,
hybrid,consume_latency,33,606500,True,,2KB,,
hybrid,consume_latency,34,573000,True,,2KB,,
hybrid,consume_latency,35,572700,True,,2KB,,
hybrid,consume_latency,36,573300,True,,2KB,,
hybrid,consume_latency,37,604000,True,,2KB,,
hybrid,consume_latency,38,572300,True,,2KB,,
hybrid,consume_latency,39,571400,True,,2KB,,
hybrid,consume_latency,40,613200,True,,2KB,,
hybrid,consume_latency,41,593800,True,,2KB,,
hybrid,consume_latency,42,583500,True,,2KB,,
hybrid,consume_latency,43,644500,True,,2KB,,
hybrid,consume_latency,44,625300,True,,2KB,,
hybrid,consume_latency,45,589700,True,,2KB,,
hybrid,consume_latency,46,597000,True,,2KB,,
hybrid,consume_latency,47,698200,True,,2KB,,
hybrid,consume_latency,48,765900,True,,2KB,,
hybrid,consume_latency,49,819600,True,,2KB,,
hybrid,publish_throughput,0,29230000,True,,256B,,
hybrid,publish_throughput,1,34928700,True,,256B,,
hybrid,publish_throughput,2,31188900,True,,256B,,
hybrid,publish_throughput,3,50840800,True,,256B,,
hybrid,publish_throughput,4,43130300,True,,256B,,
hybrid,publish_throughput,0,43950200,True,,1KB,,
hybrid,publish_throughput,1,34252100,True,,1KB,,
hybrid,publish_throughput,2,30585000,True,,1KB,,
hybrid,publish_throughput,3,28071200,True,,1KB,,
hybrid,publish_throughput,4,28420700,True,,1KB,,
hybrid,publish_throughput,0,29514800,True,,2KB,,
hybrid,publish_throughput,1,29142200,True,,2KB,,
hybrid,publish_throughput,2,29022500,True,,2KB,,
hybrid,publish_throughput,3,29739100,True,,2KB,,
hybrid,publish_throughput,4,32030400,True,,2KB,,
hybrid,consume_throughput,0,19589900,True,,256B,,
hybrid,consume_throughput,1,18642600,True,,256B,,
hybrid,consume_throughput,2,17346200,True,,256B,,
hybrid,consume_throughput,3,17995000,True,,256B,,
hybrid,consume_throughput,4,18762200,True,,256B,,
hybrid,consume_throughput,0,23433500,True,,1KB,,
hybrid,consume_throughput,1,24224600,True,,1KB,,
hybrid,consume_throughput,2,20188700,True,,1KB,,
hybrid,consume_throughput,3,20579200,True,,1KB,,
hybrid,consume_throughput,4,18711700,True,,1KB,,
hybrid,consume_throughput,0,19116800,True,,2KB,,
hybrid,consume_throughput,1,17487300,True,,2KB,,
hybrid,consume_throughput,2,17904800,True,,2KB,,
hybrid,consume_throughput,3,17745400,True,,2KB,,
hybrid,consume_throughput,4,27351800,True,,2KB,,
hybrid,consume_throughput_get,0,317597100,True,,256B,500.0,
hybrid,consume_throughput_get,1,320365900,True,,256B,500.0,
hybrid,consume_throughput_get,2,326757100,True,,256B,500.0,
hybrid,consume_throughput_get,3,323925700,True,,256B,500.0,
hybrid,consume_throughput_get,4,314450600,True,,256B,500.0,
hybrid,consume_throughput_get,0,327677800,True,,1KB,500.0,
hybrid,consume_throughput_get,1,330128400,True,,1KB,500.0,
hybrid,consume_throughput_get,2,338256300,True,,1KB,500.0,
hybrid,consume_throughput_get,3,337610300,True,,1KB,500.0,
hybrid,consume_throughput_get,4,335129400,True,,1KB,500.0,
hybrid,consume_throughput_get,0,333933600,True,,2KB,500.0,
hybrid,consume_throughput_get,1,332691400,True,,2KB,500.0,
hybrid,consume_throughput_get,2,333540500,True,,2KB,500.0,
hybrid,consume_throughput_get,3,333192700,True,,2KB,500.0,
hybrid,consume_throughput_get,4,337494900,True,,2KB,500.0,
hybrid,round_trip,0,1281700,True,,256B,,
hybrid,round_trip,1,1501000,True,,256B,,
hybrid,round_trip,2,1376000,True,,256B,,
hybrid,round_trip,3,1403100,True,,256B,,
hybrid,round_trip,4,1214400,True,,256B,,
hybrid,round_trip,5,1243700,True,,256B,,
hybrid,round_trip,6,1234400,True,,256B,,
hybrid,round_trip,7,1236200,True,,256B,,
hybrid,round_trip,8,1236600,True,,256B,,
hybrid,round_trip,9,1239200,True,,256B,,
hybrid,round_trip,10,1317200,True,,256B,,
hybrid,round_trip,11,1972600,True,,256B,,
hybrid,round_trip,12,1233800,True,,256B,,
hybrid,round_trip,13,1281900,True,,256B,,
hybrid,round_trip,14,1370300,True,,256B,,
hybrid,round_trip,15,1269700,True,,256B,,
hybrid,round_trip,16,1662700,True,,256B,,
hybrid,round_trip,17,1494800,True,,256B,,
hybrid,round_trip,18,1293900,True,,256B,,
hybrid,round_trip,19,1268600,True,,256B,,
hybrid,round_trip,20,1345000,True,,256B,,
hybrid,round_trip,21,1496700,True,,256B,,
hybrid,round_trip,22,1294200,True,,256B,,
hybrid,round_trip,23,1256500,True,,256B,,
hybrid,round_trip,24,1237300,True,,256B,,
hybrid,round_trip,25,1244000,True,,256B,,
hybrid,round_trip,26,1221200,True,,256B,,
hybrid,round_trip,27,1455400,True,,256B,,
hybrid,round_trip,28,1244700,True,,256B,,
hybrid,round_trip,29,1613900,True,,256B,,
hybrid,round_trip,30,1455000,True,,256B,,
hybrid,round_trip,31,1233100,True,,256B,,
hybrid,round_trip,32,1375800,True,,256B,,
hybrid,round_trip,33,1369700,True,,256B,,
hybrid,round_trip,34,1214600,True,,256B,,
hybrid,round_trip,35,1238700,True,,256B,,
hybrid,round_trip,36,1254500,True,,256B,,
hybrid,round_trip,37,1656400,True,,256B,,
hybrid,round_trip,38,1362100,True,,256B,,
hybrid,round_trip,39,1212200,True,,256B,,
hybrid,round_trip,40,1227500,True,,256B,,
hybrid,round_trip,41,1240100,True,,256B,,
hybrid,round_trip,42,1256900,True,,256B,,
hybrid,round_trip,43,1535600,True,,256B,,
hybrid,round_trip,44,1539700,True,,256B,,
hybrid,round_trip,45,1652200,True,,256B,,
hybrid,round_trip,46,1217200,True,,256B,,
hybrid,round_trip,47,1740400,True,,256B,,
hybrid,round_trip,48,1282800,True,,256B,,
hybrid,round_trip,49,1233700,True,,256B,,
hybrid,round_trip,0,1435200,True,,1KB,,
hybrid,round_trip,1,1249700,True,,1KB,,
hybrid,round_trip,2,1240900,True,,1KB,,
hybrid,round_trip,3,1234600,True,,1KB,,
hybrid,round_trip,4,1215300,True,,1KB,,
hybrid,round_trip,5,1660800,True,,1KB,,
hybrid,round_trip,6,1241200,True,,1KB,,
hybrid,round_trip,7,1234400,True,,1KB,,
hybrid,round_trip,8,1218200,True,,1KB,,
hybrid,round_trip,9,1249800,True,,1KB,,
hybrid,round_trip,10,1764300,True,,1KB,,
hybrid,round_trip,11,1247500,True,,1KB,,
hybrid,round_trip,12,1265900,True,,1KB,,
hybrid,round_trip,13,1220300,True,,1KB,,
hybrid,round_trip,14,1213000,True,,1KB,,
hybrid,round_trip,15,1284000,True,,1KB,,
hybrid,round_trip,16,1249700,True,,1KB,,
hybrid,round_trip,17,1240100,True,,1KB,,
hybrid,round_trip,18,1397200,True,,1KB,,
hybrid,round_trip,19,1226200,True,,1KB,,
hybrid,round_trip,20,1595900,True,,1KB,,
hybrid,round_trip,21,1459000,True,,1KB,,
hybrid,round_trip,22,1572200,True,,1KB,,
hybrid,round_trip,23,1701600,True,,1KB,,
hybrid,round_trip,24,2200800,True,,1KB,,
hybrid,round_trip,25,1419300,True,,1KB,,
hybrid,round_trip,26,1234700,True,,1KB,,
hybrid,round_trip,27,1237100,True,,1KB,,
hybrid,round_trip,28,1220000,True,,1KB,,
hybrid,round_trip,29,1261400,True,,1KB,,
hybrid,round_trip,30,1360800,True,,1KB,,
hybrid,round_trip,31,1233100,True,,1KB,,
hybrid,round_trip,32,1238700,True,,1KB,,
hybrid,round_trip,33,1600900,True,,1KB,,
hybrid,round_trip,34,1499000,True,,1KB,,
hybrid,round_trip,35,1272000,True,,1KB,,
hybrid,round_trip,36,1217400,True,,1KB,,
hybrid,round_trip,37,1249400,True,,1KB,,
hybrid,round_trip,38,1428300,True,,1KB,,
hybrid,round_trip,39,1287200,True,,1KB,,
hybrid,round_trip,40,1266100,True,,1KB,,
hybrid,round_trip,41,1356100,True,,1KB,,
hybrid,round_trip,42,1292700,True,,1KB,,
hybrid,round_trip,43,1254900,True,,1KB,,
hybrid,round_trip,44,1208400,True,,1KB,,
hybrid,round_trip,45,1225200,True,,1KB,,
hybrid,round_trip,46,1510300,True,,1KB,,
hybrid,round_trip,47,1223800,True,,1KB,,
hybrid,round_trip,48,1254200,True,,1KB,,
hybrid,round_trip,49,1267800,True,,1KB,,
hybrid,round_trip,0,1265700,True,,2KB,,
hybrid,round_trip,1,1242500,True,,2KB,,
hybrid,round_trip,2,1646100,True,,2KB,,
hybrid,round_trip,3,1211900,True,,2KB,,
hybrid,round_trip,4,1266800,True,,2KB,,
hybrid,round_trip,5,1227700,True,,2KB,,
hybrid,round_trip,6,1212000,True,,2KB,,
hybrid,round_trip,7,1247700,True,,2KB,,
hybrid,round_trip,8,1395300,True,,2KB,,
hybrid,round_trip,9,1260800,True,,2KB,,
hybrid,round_trip,10,1372900,True,,2KB,,
hybrid,round_trip,11,1509500,True,,2KB,,
hybrid,round_trip,12,1511100,True,,2KB,,
hybrid,round_trip,13,1487300,True,,2KB,,
hybrid,round_trip,14,1606000,True,,2KB,,
hybrid,round_trip,15,1251300,True,,2KB,,
hybrid,round_trip,16,1256200,True,,2KB,,
hybrid,round_trip,17,1239200,True,,2KB,,
hybrid,round_trip,18,1216600,True,,2KB,,
hybrid,round_trip,19,1566100,True,,2KB,,
hybrid,round_trip,20,1241100,True,,2KB,,
hybrid,round_trip,21,1215700,True,,2KB,,
hybrid,round_trip,22,1294400,True,,2KB,,
hybrid,round_trip,23,1227100,True,,2KB,,
hybrid,round_trip,24,1287500,True,,2KB,,
hybrid,round_trip,25,1287100,True,,2KB,,
hybrid,round_trip,26,1219900,True,,2KB,,
hybrid,round_trip,27,1228700,True,,2KB,,
hybrid,round_trip,28,1249200,True,,2KB,,
hybrid,round_trip,29,1243600,True,,2KB,,
hybrid,round_trip,30,1366400,True,,2KB,,
hybrid,round_trip,31,1455300,True,,2KB,,
hybrid,round_trip,32,1326900,True,,2KB,,
hybrid,round_trip,33,1211700,True,,2KB,,
hybrid,round_trip,34,1363900,True,,2KB,,
hybrid,round_trip,35,1656500,True,,2KB,,
hybrid,round_trip,36,1234300,True,,2KB,,
hybrid,round_trip,37,1245500,True,,2KB,,
hybrid,round_trip,38,1252300,True,,2KB,,
hybrid,round_trip,39,1240500,True,,2KB,,
hybrid,round_trip,40,1274000,True,,2KB,,
hybrid,round_trip,41,1218200,True,,2KB,,
hybrid,round_trip,42,1222400,True,,2KB,,
hybrid,round_trip,43,1754400,True,,2KB,,
hybrid,round_trip,44,1515600,True,,2KB,,
hybrid,round_trip,45,1627900,True,,2KB,,
hybrid,round_trip,46,1238900,True,,2KB,,
hybrid,round_trip,47,1293700,True,,2KB,,
hybrid,round_trip,48,1269700,True,,2KB,,
hybrid,round_trip,49,1232900,True,,2KB,,
hybrid,concurrent_publish,0,31162200,True,,1KB,,1.0
hybrid,concurrent_publish,1,26760700,True,,1KB,,1.0
hybrid,concurrent_publish,2,26708300,True,,1KB,,1.0
hybrid,concurrent_publish,3,27864800,True,,1KB,,1.0
hybrid,concurrent_publish,4,26260300,True,,1KB,,1.0
hybrid,concurrent_publish,0,40769100,True,,1KB,,2.0
hybrid,concurrent_publish,1,31360000,True,,1KB,,2.0
hybrid,concurrent_publish,2,34233600,True,,1KB,,2.0
hybrid,concurrent_publish,3,34445100,True,,1KB,,2.0
hybrid,concurrent_publish,4,43342200,True,,1KB,,2.0
hybrid,concurrent_publish,0,43966700,True,,1KB,,4.0
hybrid,concurrent_publish,1,49922900,True,,1KB,,4.0
hybrid,concurrent_publish,2,45764800,True,,1KB,,4.0
hybrid,concurrent_publish,3,46246400,True,,1KB,,4.0
hybrid,concurrent_publish,4,43866600,True,,1KB,,4.0
hybrid,concurrent_publish,0,47328800,True,,1KB,,8.0
hybrid,concurrent_publish,1,48101400,True,,1KB,,8.0
hybrid,concurrent_publish,2,59248800,True,,1KB,,8.0
hybrid,concurrent_publish,3,52705600,True,,1KB,,8.0
hybrid,concurrent_publish,4,47944500,True,,1KB,,8.0
hybrid,concurrent_publish,0,44808500,True,,1KB,,16.0
hybrid,concurrent_publish,1,45125500,True,,1KB,,16.0
hybrid,concurrent_publish,2,42317600,True,,1KB,,16.0
hybrid,concurrent_publish,3,41309200,True,,1KB,,16.0
hybrid,concurrent_publish,4,43102200,True,,1KB,,16.0
hybrid,concurrent_publish,0,40158700,True,,1KB,,32.0
hybrid,concurrent_publish,1,43005700,True,,1KB,,32.0
hybrid,concurrent_publish,2,36240000,True,,1KB,,32.0
hybrid,concurrent_publish,3,35163200,True,,1KB,,32.0
hybrid,concurrent_publish,4,37811100,True,,1KB,,32.0
hybrid,concurrent_publish,0,36065900,True,,1KB,,64.0
hybrid,concurrent_publish,1,36938100,True,,1KB,,64.0
hybrid,concurrent_publish,2,36957300,True,,1KB,,64.0
hybrid,concurrent_publish,3,48802500,True,,1KB,,64.0
hybrid,concurrent_publish,4,35648900,True,,1KB,,64.0
hybrid,concurrent_consume,0,21219100,True,,1KB,,1.0
hybrid,concurrent_consume,1,19068400,True,,1KB,,1.0
hybrid,concurrent_consume,2,22809000,True,,1KB,,1.0
hybrid,concurrent_consume,3,19288400,True,,1KB,,1.0
hybrid,concurrent_consume,4,20460000,True,,1KB,,1.0
hybrid,concurrent_consume,0,65274000,True,,1KB,,2.0
hybrid,concurrent_consume,1,21420300,True,,1KB,,2.0
hybrid,concurrent_consume,2,67630300,True,,1KB,,2.0
hybrid,concurrent_consume,3,65963100,True,,1KB,,2.0
hybrid,concurrent_consume,4,65039700,True,,1KB,,2.0
hybrid,concurrent_consume,0,71033100,True,,1KB,,4.0
hybrid,concurrent_consume,1,112458000,True,,1KB,,4.0
hybrid,concurrent_consume,2,64916600,True,,1KB,,4.0
hybrid,concurrent_consume,3,74209600,True,,1KB,,4.0
hybrid,concurrent_consume,4,71331500,True,,1KB,,4.0
hybrid,concurrent_consume,0,75388900,True,,1KB,,8.0
hybrid,concurrent_consume,1,108108500,True,,1KB,,8.0
hybrid,concurrent_consume,2,71443700,True,,1KB,,8.0
hybrid,concurrent_consume,3,72892600,True,,1KB,,8.0
hybrid,concurrent_consume,4,71773000,True,,1KB,,8.0
hybrid,concurrent_consume,0,83484700,True,,1KB,,16.0
hybrid,concurrent_consume,1,80348800,True,,1KB,,16.0
hybrid,concurrent_consume,2,104448300,True,,1KB,,16.0
hybrid,concurrent_consume,3,71269900,True,,1KB,,16.0
hybrid,concurrent_consume,4,98102900,True,,1KB,,16.0
hybrid,concurrent_consume,0,84776700,True,,1KB,,32.0
hybrid,concurrent_consume,1,85058700,True,,1KB,,32.0
hybrid,concurrent_consume,2,82721000,True,,1KB,,32.0
hybrid,concurrent_consume,3,116909500,True,,1KB,,32.0
hybrid,concurrent_consume,4,131723600,True,,1KB,,32.0
hybrid,concurrent_consume,0,87671800,True,,1KB,,64.0
hybrid,concurrent_consume,1,87571600,True,,1KB,,64.0
hybrid,concurrent_consume,2,94220200,True,,1KB,,64.0
hybrid,concurrent_consume,3,92288400,True,,1KB,,64.0
hybrid,concurrent_consume,4,88856800,True,,1KB,,64.0
